{"norm_mean": [116.3516616821289, 127.90795135498047, 137.33343505859375], "norm_std": [56.33842086791992, 54.74720764160156, 52.66481018066406], "_timestamp": 1691165639.89426, "_runtime": 1211.4644260406494, "_step": 75, "train_accuracy": 72.23796033994334, "train_loss": 0.5397024154663086, "val_accuracy": 80.3030303030303, "val_loss": 0.406712019443512, "_wandb": {"runtime": 1213}}