{"train_accuracy": 67.13881019830028, "train_loss": 0.5999124129028881, "_timestamp": 1691146046.8511603, "_runtime": 193.86025428771973, "_step": 16, "val_accuracy": 70.45454545454545, "val_loss": 0.6161590695381165, "test_accuracy": 71.42857142857143, "test_loss": 0.5456851601600647, "_wandb": {"runtime": 193}}