{"norm_mean": [116.3516616821289, 127.90795135498047, 137.33343505859375], "norm_std": [56.33842086791992, 54.74720764160156, 52.66481018066406], "_timestamp": 1691159546.1308446, "_runtime": 353.9359664916992, "_step": 30, "train_accuracy": 66.94995278564684, "train_loss": 0.5983551205957637, "val_accuracy": 71.21212121212122, "val_loss": 0.5976484417915344, "test_accuracy": 69.17293233082707, "test_loss": 0.6004592716693878, "_wandb": {"runtime": 353}}