{"norm_mean": [116.3516616821289, 127.90795135498047, 137.33343505859375], "norm_std": [56.33842086791992, 54.74720764160156, 52.66481018066406], "_timestamp": 1691146711.3169546, "_runtime": 212.99771571159363, "_step": 37, "train_accuracy": 67.42209631728045, "train_loss": 0.6189930544180029, "val_accuracy": 68.18181818181819, "val_loss": 0.6145902037620544, "test_accuracy": 67.66917293233082, "test_loss": 0.5941802978515625, "_wandb": {"runtime": 212}}