{"norm_mean": [116.3516616821289, 127.90795135498047, 137.33343505859375], "norm_std": [56.33842086791992, 54.74720764160156, 52.66481018066406], "_timestamp": 1691174210.1295383, "_runtime": 2.157186269760132, "_step": 0, "_wandb": {"runtime": 2}}