{"norm_mean": [116.3516616821289, 127.90795135498047, 137.33343505859375], "norm_std": [56.33842086791992, 54.74720764160156, 52.66481018066406], "_timestamp": 1691169077.007579, "_runtime": 309.4783880710602, "_step": 20, "train_accuracy": 74.1265344664778, "train_loss": 0.5299697763779584, "val_accuracy": 81.06060606060606, "val_loss": 0.3664907544851303, "_wandb": {"runtime": 319}}