{
    "statistics": {
        "train": {
            "positives": 1284,
            "negatives": 1239
        },
        "test": {
            "positives": 152,
            "negatives": 164
        },
        "val": {
            "positives": 141,
            "negatives": 174
        }
    },
    "mean": [
        0.4676332473754883,
        0.43412160873413086,
        0.3968447744846344
    ],
    "std": [
        0.2516013979911804,
        0.25160518288612366,
        0.24605917930603027
    ]
}