{
    "SFH_Dataset_S2CITIES_simplified_ratio1": {
        "statistics": {
            "train": {
                "positives": 1275,
                "negatives": 1248
            },
            "test": {
                "positives": 149,
                "negatives": 167
            },
            "val": {
                "positives": 153,
                "negatives": 162
            }
        },
        "mean": [
            105.46717834472656,
            115.16809844970703,
            125.67674255371094
        ],
        "std": [
            60.821353912353516,
            62.009315490722656,
            62.135868072509766
        ]
    },
    "SFH_Dataset_S2CITIES_simplified_ratio1_224x224": {
        "statistics": {
            "train": {
                "positives": 1274,
                "negatives": 1249
            },
            "test": {
                "positives": 163,
                "negatives": 153
            },
            "val": {
                "positives": 140,
                "negatives": 175
            }
        },
        "mean": [
            103.1670150756836,
            113.71592712402344,
            123.62432861328125
        ],
        "std": [
            60.546356201171875,
            61.8426513671875,
            61.899932861328125
        ]
    },
    "SFH_Dataset_S2CITIES_test_new_negatives_ratio1_224x224": {
        "statistics": {
            "train": {
                "positives": 538,
                "negatives": 521
            },
            "test": {
                "positives": 65,
                "negatives": 68
            },
            "val": {
                "positives": 59,
                "negatives": 73
            }
        },
        "mean": [
            116.3516616821289,
            127.90795135498047,
            137.33343505859375
        ],
        "std": [
            56.33842086791992,
            54.74720764160156,
            52.66481018066406
        ]
    },
    "SFH_Dataset_S2CITIES_raw_ratio1_112x112": {
        "statistics": {
            "train": {
                "positives": 1273,
                "negatives": 1618
            },
            "test": {
                "positives": 153,
                "negatives": 209
            },
            "val": {
                "positives": 151,
                "negatives": 210
            }
        },
        "mean": [
            109.60646057128906,
            120.6142349243164,
            130.10501098632812
        ],
        "std": [
            58.602073669433594,
            58.84909439086914,
            58.295433044433594
        ]
    }
}