{
    "SFH_Dataset_S2CITIES_simplified_ratio1": {
        "statistics": {
            "train": {
                "positives": 1275,
                "negatives": 1248
            },
            "test": {
                "positives": 149,
                "negatives": 167
            },
            "val": {
                "positives": 153,
                "negatives": 162
            }
        },
        "mean": [
            105.46717834472656,
            115.16809844970703,
            125.67674255371094
        ],
        "std": [
            60.821353912353516,
            62.009315490722656,
            62.135868072509766
        ]
    },
    "SFH_Dataset_S2CITIES_simplified_ratio1_224x224": {
        "statistics": {
            "train": {
                "positives": 1274,
                "negatives": 1249
            },
            "test": {
                "positives": 163,
                "negatives": 153
            },
            "val": {
                "positives": 140,
                "negatives": 175
            }
        },
        "mean": [
            103.1670150756836,
            113.71592712402344,
            123.62432861328125
        ],
        "std": [
            60.546356201171875,
            61.8426513671875,
            61.899932861328125
        ]
    },
    "SFH_Dataset_S2CITIES_test_new_negatives_ratio1_224x224": {
        "statistics": {
            "train": {
                "positives": 538,
                "negatives": 521
            },
            "test": {
                "positives": 65,
                "negatives": 68
            },
            "val": {
                "positives": 59,
                "negatives": 73
            }
        },
        "mean": [
            116.3516616821289,
            127.90795135498047,
            137.33343505859375
        ],
        "std": [
            56.33842086791992,
            54.74720764160156,
            52.66481018066406
        ]
    },
    "SFH_Dataset_S2CITIES_raw_ratio1_112x112": {
        "statistics": {
            "train": {
                "positives": 1273,
                "negatives": 1618
            },
            "test": {
                "positives": 153,
                "negatives": 209
            },
            "val": {
                "positives": 151,
                "negatives": 210
            }
        },
        "mean": [
            109.60646057128906,
            120.6142349243164,
            130.10501098632812
        ],
        "std": [
            58.602073669433594,
            58.84909439086914,
            58.295433044433594
        ]
    },
    "SFH_Dataset_S2CITIES_raw_ratio1_112x112_fps6.4": {
        "statistics": {
            "train": {
                "positives": 1256,
                "negatives": 1635
            },
            "test": {
                "positives": 165,
                "negatives": 197
            },
            "val": {
                "positives": 156,
                "negatives": 205
            }
        },
        "mean": [
            0.4344710111618042,
            0.4787193238735199,
            0.5127990245819092
        ],
        "std": [
            0.23430533707141876,
            0.23251907527446747,
            0.22704289853572845
        ]
    },
    "SFH_Dataset_S2CITIES_test_new_negatives_ratio1_112x112_fps6.4": {
        "statistics": {
            "train": {
                "positives": 532,
                "negatives": 527
            },
            "test": {
                "positives": 66,
                "negatives": 67
            },
            "val": {
                "positives": 64,
                "negatives": 68
            }
        },
        "mean": [
            0.43369680643081665,
            0.4777209460735321,
            0.5118703246116638
        ],
        "std": [
            0.23499885201454163,
            0.2332773506641388,
            0.22785815596580505
        ]
    },
    "SFH_Dataset_S2CITIES_test_new_negatives_ratio1_224x224_fps6.4": {
        "statistics": {
            "train": {
                "positives": 525,
                "negatives": 534
            },
            "test": {
                "positives": 67,
                "negatives": 66
            },
            "val": {
                "positives": 70,
                "negatives": 62
            }
        },
        "mean": [
            110.71349334716797,
            121.84515380859375,
            130.53807067871094
        ],
        "std": [
            60.05349349975586,
            59.48789596557617,
            58.12306594848633
        ]
    },
    "SFH_Dataset_S2CITIES_raw_extended_negatives_ratio1_224x224_fps25.0": {
        "statistics": {
            "train": {
                "positives": 1245,
                "negatives": 2081
            },
            "test": {
                "positives": 168,
                "negatives": 248
            },
            "val": {
                "positives": 164,
                "negatives": 252
            }
        },
        "mean": [],
        "std": []
    },
    "SFH_test_new_negatives": {
        "statistics": {
            "train": {
                "positives": 505,
                "negatives": 554
            },
            "test": {
                "positives": 77,
                "negatives": 56
            },
            "val": {
                "positives": 80,
                "negatives": 52
            }
        },
        "mean": [],
        "std": []
    },
    "SFH_test_new_negatives_ratio1_224x224_fps12.0": {
        "statistics": {
            "train": {
                "positives": 531,
                "negatives": 528
            },
            "test": {
                "positives": 66,
                "negatives": 67
            },
            "val": {
                "positives": 65,
                "negatives": 67
            }
        },
        "mean": [],
        "std": []
    },
    "": {
        "statistics": {
            "train": {
                "positives": 1250,
                "negatives": 2076
            },
            "test": {
                "positives": 166,
                "negatives": 250
            },
            "val": {
                "positives": 161,
                "negatives": 255
            }
        },
        "mean": [],
        "std": []
    }
}