{
    "statistics": {
        "train": {
            "positives": 1275,
            "negatives": 1248
        },
        "test": {
            "positives": 149,
            "negatives": 167
        },
        "val": {
            "positives": 153,
            "negatives": 162
        }
    },
    "mean": [
        124.02363586425781,
        114.20242309570312,
        103.32056427001953
    ],
    "std": [
        61.589691162109375,
        61.51222610473633,
        60.233455657958984
    ]
}