{
    "statistics": {
        "train": {
            "positives": 1284,
            "negatives": 1239
        },
        "test": {
            "positives": 152,
            "negatives": 164
        },
        "val": {
            "positives": 141,
            "negatives": 174
        }
    },
    "mean": [
        124.02363586425781,
        114.20242309570312,
        103.32056427001953
    ],
    "std": [
        61.589691162109375,
        61.51222610473633,
        60.233455657958984
    ]
}