{"norm_mean": [116.3516616821289, 127.90795135498047, 137.33343505859375], "norm_std": [56.33842086791992, 54.74720764160156, 52.66481018066406], "_timestamp": 1691158184.8967214, "_runtime": 647.9485533237457, "_step": 117, "train_accuracy": 64.87252124645893, "train_loss": 0.701370424207519, "val_accuracy": 71.21212121212122, "val_loss": 0.49300620555877683, "test_accuracy": 75.18796992481202, "test_loss": 0.5287997782230377, "_wandb": {"runtime": 647}}