{"norm_mean": [116.3516616821289, 127.90795135498047, 137.33343505859375], "norm_std": [56.33842086791992, 54.74720764160156, 52.66481018066406], "_timestamp": 1691167552.9320512, "_runtime": 691.7047202587128, "_step": 40, "train_accuracy": 74.40982058545798, "train_loss": 0.5289303634096595, "val_accuracy": 80.3030303030303, "val_loss": 0.41603546738624575, "_wandb": {"runtime": 694}}