{"norm_mean": [116.3516616821289, 127.90795135498047, 137.33343505859375], "norm_std": [56.33842086791992, 54.74720764160156, 52.66481018066406], "_timestamp": 1691169840.4725928, "_runtime": 373.9749448299408, "_step": 23, "train_accuracy": 71.76581680830972, "train_loss": 0.5482181126580519, "val_accuracy": 78.78787878787878, "val_loss": 0.4529896914958954, "_wandb": {"runtime": 378}}