{"norm_mean": [116.3516616821289, 127.90795135498047, 137.33343505859375], "norm_std": [56.33842086791992, 54.74720764160156, 52.66481018066406], "_timestamp": 1691158500.624422, "_runtime": 241.91397905349731, "_step": 44, "train_accuracy": 60.151085930122754, "train_loss": 2.1099297176389133, "val_accuracy": 75.75757575757575, "val_loss": 0.8807423070073128, "_wandb": {"runtime": 244}}