{"norm_mean": [116.3516616821289, 127.90795135498047, 137.33343505859375], "norm_std": [56.33842086791992, 54.74720764160156, 52.66481018066406], "_timestamp": 1691159137.8420217, "_runtime": 228.37193369865417, "_step": 21, "train_accuracy": 66.28895184135978, "train_loss": 0.6219978928565979, "val_accuracy": 69.6969696969697, "val_loss": 0.599331796169281, "_wandb": {"runtime": 234}}