{"norm_mean": [116.3516616821289, 127.90795135498047, 137.33343505859375], "norm_std": [56.33842086791992, 54.74720764160156, 52.66481018066406], "_timestamp": 1691168735.1449263, "_runtime": 2.220534324645996, "_step": 0, "_wandb": {"runtime": 2}}